{"stats":{"minecraft:crafted":{"minecraft:oak_planks":12,"minecraft:crafting_table":1,"minecraft:stick":8,"minecraft:wooden_pickaxe":1},"minecraft:picked_up":{"minecraft:oak_log":3,"minecraft:coal":2,"minecraft:dirt":5,"minecraft:cobblestone":1},"minecraft:custom":{"minecraft:time_since_rest":3307,"minecraft:crouch_one_cm":785,"minecraft:play_time":3307,"minecraft:sprint_one_cm":4080,"minecraft:damage_taken":30,"minecraft:walk_one_cm":1616,"minecraft:sneak_time":525,"minecraft:jump":27,"minecraft:leave_game":2,"minecraft:time_since_death":3307,"minecraft:total_world_time":3307,"minecraft:interact_with_crafting_table":1,"minecraft:fall_one_cm":2607,"minecraft:fly_one_cm":3883},"minecraft:used":{"minecraft:crafting_table":1,"minecraft:wooden_pickaxe":3},"minecraft:mined":{"minecraft:coal_ore":2,"minecraft:grass_block":2,"minecraft:oak_log":3,"minecraft:dirt":3,"minecraft:stone":1,"minecraft:oak_leaves":2}},"DataVersion":3465}