{"stats":{"minecraft:killed_by":{"minecraft:zombie":1},"minecraft:killed":{"minecraft:bee":1},"minecraft:custom":{"minecraft:jump":47,"minecraft:crouch_one_cm":158,"minecraft:time_since_rest":1,"minecraft:damage_dealt":128,"minecraft:leave_game":3,"minecraft:play_time":13811,"minecraft:sprint_one_cm":6743,"minecraft:damage_taken":240,"minecraft:time_since_death":1604,"minecraft:walk_one_cm":4327,"minecraft:sneak_time":592,"minecraft:total_world_time":13811,"minecraft:mob_kills":1,"minecraft:fall_one_cm":1105,"minecraft:fly_one_cm":6431,"minecraft:deaths":1},"minecraft:crafted":{"minecraft:oak_planks":16},"minecraft:mined":{"minecraft:grass":2,"minecraft:oak_log":4},"minecraft:picked_up":{"minecraft:oak_log":4}},"DataVersion":3465}