{"stats":{"minecraft:killed_by":{"minecraft:zombie":1},"minecraft:custom":{"minecraft:jump":11,"minecraft:time_since_rest":1,"minecraft:deaths":1,"minecraft:damage_taken":255,"minecraft:damage_dealt":20,"minecraft:crouch_one_cm":230,"minecraft:leave_game":3,"minecraft:play_time":6748,"minecraft:sprint_one_cm":327,"minecraft:time_since_death":1859,"minecraft:walk_one_cm":6584,"minecraft:sneak_time":74,"minecraft:total_world_time":6748,"minecraft:fly_one_cm":1106},"minecraft:used":{"alexsmobs:animal_dictionary":1}},"DataVersion":3465}